id,len
pax_lim_F_15001.jpeg,86
pax_lim_F_15001.jpeg,54.037
pax_lim_F_15001.jpeg,56.036
pax_lim_F_15001.jpeg,292.171
pax_lim_F_15001.jpeg,262.488
pax_lim_F_15001.jpeg,400.08
pax_lim_F_15001.jpeg,376.021
pax_lim_F_15001.jpeg,273.24
pax_lim_F_15001.jpeg,255.766
pax_lim_M_12001.jpeg,74.027
pax_lim_M_12001.jpeg,68.029
pax_lim_M_12001.jpeg,102.02
pax_lim_M_12001.jpeg,398.126
pax_lim_M_12001.jpeg,292.335
pax_lim_M_12001.jpeg,384.021
pax_lim_M_12001.jpeg,438
pax_lim_M_12001.jpeg,316.31
pax_lim_M_12001.jpeg,402.497
pax_lim_M_13001.jpeg,74.027
pax_lim_M_13001.jpeg,62.129
pax_lim_M_13001.jpeg,104.48
pax_lim_M_13001.jpeg,403.629
pax_lim_M_13001.jpeg,296.985
pax_lim_M_13001.jpeg,349.594
pax_lim_M_13001.jpeg,423.821
pax_lim_M_13001.jpeg,307.461
pax_lim_M_13001.jpeg,395.763
pax_lim_M_14001.jpeg,90.2
pax_lim_M_14001.jpeg,74.108
pax_lim_M_14001.jpeg,114.018
pax_lim_M_14001.jpeg,454.04
pax_lim_M_14001.jpeg,340.476
pax_lim_M_14001.jpeg,557.297
pax_lim_M_14001.jpeg,495.782
pax_lim_M_14001.jpeg,405.349
pax_lim_M_14001.jpeg,459.064
pax_lim_M_15001.jpeg,92.347
pax_lim_M_15001.jpeg,92.195
pax_lim_M_15001.jpeg,138.014
pax_lim_M_15001.jpeg,510.035
pax_lim_M_15001.jpeg,292.027
pax_lim_M_15001.jpeg,522.138
pax_lim_M_15001.jpeg,482.813
pax_lim_M_15001.jpeg,426.019
pax_lim_M_15001.jpeg,442.289
pax_ben_F_10001.jpeg,78.026
pax_ben_F_10001.jpeg,88.814
pax_ben_F_10001.jpeg,106.019
pax_ben_F_10001.jpeg,420.804
pax_ben_F_10001.jpeg,288.174
pax_ben_F_10001.jpeg,494.49
pax_ben_F_10001.jpeg,454.357
pax_ben_F_10001.jpeg,386.419
pax_ben_F_10001.jpeg,418.005
pax_ben_F_2001.jpeg,72.028
pax_ben_F_2001.jpeg,84.853
pax_ben_F_2001.jpeg,136.132
pax_ben_F_2001.jpeg,347.333
pax_ben_F_2001.jpeg,313.081
pax_ben_F_2001.jpeg,496.407
pax_ben_F_2001.jpeg,445.286
pax_ben_F_2001.jpeg,339.411
pax_ben_F_2001.jpeg,438.858
pax_ben_F_3001.jpeg,82.024
pax_ben_F_3001.jpeg,96.021
pax_ben_F_3001.jpeg,114
pax_ben_F_3001.jpeg,404.079
pax_ben_F_3001.jpeg,286.028
pax_ben_F_3001.jpeg,442.072
pax_ben_F_3001.jpeg,448
pax_ben_F_3001.jpeg,324.006
pax_ben_F_3001.jpeg,414.121
pax_ben_F_4001.jpeg,82.024
pax_ben_F_4001.jpeg,96.021
pax_ben_F_4001.jpeg,128.016
pax_ben_F_4001.jpeg,408.005
pax_ben_F_4001.jpeg,310
pax_ben_F_4001.jpeg,522.015
pax_ben_F_4001.jpeg,496.145
pax_ben_F_4001.jpeg,364.269
pax_ben_F_4001.jpeg,422.118
pax_ben_F_5001.jpeg,74.108
pax_ben_F_5001.jpeg,66.121
pax_ben_F_5001.jpeg,102.02
pax_ben_F_5001.jpeg,458.279
pax_ben_F_5001.jpeg,392.51
pax_ben_F_5001.jpeg,530.034
pax_ben_F_5001.jpeg,536.239
pax_ben_F_5001.jpeg,350.206
pax_ben_F_5001.jpeg,438.018
pax_ben_F_6001.jpeg,76.026
pax_ben_F_6001.jpeg,78.026
pax_ben_F_6001.jpeg,94.085
pax_ben_F_6001.jpeg,394.046
pax_ben_F_6001.jpeg,302.026
pax_ben_F_6001.jpeg,452.159
pax_ben_F_6001.jpeg,434.018
pax_ben_F_6001.jpeg,368.022
pax_ben_F_6001.jpeg,380.258
pax_ben_F_7001.jpeg,80.025
pax_ben_F_7001.jpeg,40.05
pax_ben_F_7001.jpeg,106.471
pax_ben_F_7001.jpeg,442.289
pax_ben_F_7001.jpeg,394.046
pax_ben_F_7001.jpeg,586.055
pax_ben_F_7001.jpeg,500.4
pax_ben_F_7001.jpeg,440.073
pax_ben_F_7001.jpeg,484.037
pax_ben_F_8001.jpeg,78.102
pax_ben_F_8001.jpeg,94.34
pax_ben_F_8001.jpeg,106.677
pax_ben_F_8001.jpeg,402.403
pax_ben_F_8001.jpeg,307.669
pax_ben_F_8001.jpeg,454.634
pax_ben_F_8001.jpeg,468.892
pax_ben_F_8001.jpeg,365.075
pax_ben_F_8001.jpeg,440.845
pax_ben_F_9001.jpeg,78.102
pax_ben_F_9001.jpeg,70.114
pax_ben_F_9001.jpeg,110.018
pax_ben_F_9001.jpeg,446.004
pax_ben_F_9001.jpeg,356.275
pax_ben_F_9001.jpeg,516.004
pax_ben_F_9001.jpeg,534.453
pax_ben_F_9001.jpeg,404.005
pax_ben_F_9001.jpeg,438
pax_ben_M_10001.jpeg,78.102
pax_ben_M_10001.jpeg,76.105
pax_ben_M_10001.jpeg,88.363
pax_ben_M_10001.jpeg,412.485
pax_ben_M_10001.jpeg,346.052
pax_ben_M_10001.jpeg,446.287
pax_ben_M_10001.jpeg,470.068
pax_ben_M_10001.jpeg,388.005
pax_ben_M_10001.jpeg,428.019
pax_ben_M_11001.jpeg,74
pax_ben_M_11001.jpeg,84
pax_ben_M_11001.jpeg,108.167
pax_ben_M_11001.jpeg,370.54
pax_ben_M_11001.jpeg,322.893
pax_ben_M_11001.jpeg,452.04
pax_ben_M_11001.jpeg,442.041
pax_ben_M_11001.jpeg,354.023
pax_ben_M_11001.jpeg,388.082
pax_ben_M_12001.jpeg,70
pax_ben_M_12001.jpeg,76.026
pax_ben_M_12001.jpeg,98.082
pax_ben_M_12001.jpeg,368.917
pax_ben_M_12001.jpeg,292.684
pax_ben_M_12001.jpeg,470
pax_ben_M_12001.jpeg,442.651
pax_ben_M_12001.jpeg,320.156
pax_ben_M_12001.jpeg,390.128
pax_ben_M_13001.jpeg,74.027
pax_ben_M_13001.jpeg,88.363
pax_ben_M_13001.jpeg,98.02
pax_ben_M_13001.jpeg,448.642
pax_ben_M_13001.jpeg,380
pax_ben_M_13001.jpeg,536.06
pax_ben_M_13001.jpeg,528.015
pax_ben_M_13001.jpeg,404.079
pax_ben_M_13001.jpeg,426.019
pax_ben_M_14001.jpeg,72.111
pax_ben_M_14001.jpeg,84.024
pax_ben_M_14001.jpeg,120.067
pax_ben_M_14001.jpeg,470.038
pax_ben_M_14001.jpeg,362.138
pax_ben_M_14001.jpeg,502.016
pax_ben_M_14001.jpeg,518.062
pax_ben_M_14001.jpeg,368.005
pax_ben_M_14001.jpeg,396.045
pax_ben_M_6001.jpeg,78
pax_ben_M_6001.jpeg,84.593
pax_ben_M_6001.jpeg,104.173
pax_ben_M_6001.jpeg,377.195
pax_ben_M_6001.jpeg,331.789
pax_ben_M_6001.jpeg,475.31
pax_ben_M_6001.jpeg,484.516
pax_ben_M_6001.jpeg,356.483
pax_ben_M_6001.jpeg,446.175
pax_ben_M_7001.jpeg,82.098
pax_ben_M_7001.jpeg,62.29
pax_ben_M_7001.jpeg,98.02
pax_ben_M_7001.jpeg,390.082
pax_ben_M_7001.jpeg,320.025
pax_ben_M_7001.jpeg,474.27
pax_ben_M_7001.jpeg,454.357
pax_ben_M_7001.jpeg,358.274
pax_ben_M_7001.jpeg,390.328
pax_ben_M_8001.jpeg,78.23
pax_ben_M_8001.jpeg,82
pax_ben_M_8001.jpeg,130.015
pax_ben_M_8001.jpeg,464.069
pax_ben_M_8001.jpeg,380.258
pax_ben_M_8001.jpeg,404.045
pax_ben_M_8001.jpeg,494
pax_ben_M_8001.jpeg,348.023
pax_ben_M_8001.jpeg,432.074
pax_ben_M_9001.jpeg,76.026
pax_ben_M_9001.jpeg,87.932
pax_ben_M_9001.jpeg,108.259
pax_ben_M_9001.jpeg,383.051
pax_ben_M_9001.jpeg,342.345
pax_ben_M_9001.jpeg,449.257
pax_ben_M_9001.jpeg,477.297
pax_ben_M_9001.jpeg,393.838
pax_ben_M_9001.jpeg,441.271
pax_lim_F_11001.jpeg,98.509
pax_lim_F_11001.jpeg,6
pax_lim_F_11001.jpeg,6
pax_lim_F_11001.jpeg,6
pax_lim_F_11001.jpeg,6
pax_lim_F_11001.jpeg,480.416
pax_lim_F_11001.jpeg,376
pax_lim_F_11001.jpeg,252.071
pax_lim_F_11001.jpeg,344.052
pax_lim_F_12001.jpeg,110.018
pax_lim_F_12001.jpeg,82.219
pax_lim_F_12001.jpeg,102.703
pax_lim_F_12001.jpeg,252.507
pax_lim_F_12001.jpeg,370.005
pax_lim_F_12001.jpeg,470.612
pax_lim_F_12001.jpeg,542.623
pax_lim_F_12001.jpeg,302.324
pax_lim_F_12001.jpeg,344
pax_lim_F_13001.jpeg,90.022
pax_lim_F_13001.jpeg,96.083
pax_lim_F_13001.jpeg,102.078
pax_lim_F_13001.jpeg,240.133
pax_lim_F_13001.jpeg,416.005
pax_lim_F_13001.jpeg,418.019
pax_lim_F_13001.jpeg,460.213
pax_lim_F_13001.jpeg,262.762
pax_lim_F_13001.jpeg,340.476
pax_lim_M_11001.jpeg,94
pax_lim_M_11001.jpeg,76.236
pax_lim_M_11001.jpeg,112.872
pax_lim_M_11001.jpeg,502.673
pax_lim_M_11001.jpeg,346.283
pax_lim_M_11001.jpeg,438.041
pax_lim_M_11001.jpeg,482.203
pax_lim_M_11001.jpeg,394.183
pax_lim_M_11001.jpeg,461.407
pax_ben_F_1001.jpeg,78.102
pax_ben_F_1001.jpeg,100.717
pax_ben_F_1001.jpeg,128.996
pax_ben_F_1001.jpeg,340.288
pax_ben_F_1001.jpeg,278.718
pax_ben_F_1001.jpeg,454.44
pax_ben_F_1001.jpeg,398.437
pax_ben_F_1001.jpeg,328.694
pax_ben_F_1001.jpeg,336.387
pax_ben_F_11001.jpeg,74.027
pax_ben_F_11001.jpeg,70.257
pax_ben_F_11001.jpeg,120.266
pax_ben_F_11001.jpeg,382.753
pax_ben_F_11001.jpeg,336.482
pax_ben_F_11001.jpeg,498.145
pax_ben_F_11001.jpeg,488.066
pax_ben_F_11001.jpeg,320.1
pax_ben_F_11001.jpeg,380.258
pax_ben_F_12001.jpeg,70.029
pax_ben_F_12001.jpeg,68.029
pax_ben_F_12001.jpeg,102.02
pax_ben_F_12001.jpeg,340.094
pax_ben_F_12001.jpeg,310.006
pax_ben_F_12001.jpeg,478.004
pax_ben_F_12001.jpeg,436.165
pax_ben_F_12001.jpeg,328.006
pax_ben_F_12001.jpeg,376.643
pax_ben_F_13001.jpeg,70.257
pax_ben_F_13001.jpeg,54
pax_ben_F_13001.jpeg,90.554
pax_ben_F_13001.jpeg,362.668
pax_ben_F_13001.jpeg,258.627
pax_ben_F_13001.jpeg,392.326
pax_ben_F_13001.jpeg,412.238
pax_ben_F_13001.jpeg,304.059
pax_ben_F_13001.jpeg,356.006
pax_ben_F_14001.jpeg,78.026
pax_ben_F_14001.jpeg,58.549
pax_ben_F_14001.jpeg,89.822
pax_ben_F_14001.jpeg,370.864
pax_ben_F_14001.jpeg,252.872
pax_ben_F_14001.jpeg,400.005
pax_ben_F_14001.jpeg,363.241
pax_ben_F_14001.jpeg,295.296
pax_ben_F_14001.jpeg,349.468
pax_ben_F_15001.jpeg,70.114
pax_ben_F_15001.jpeg,36.056
pax_ben_F_15001.jpeg,68.029
pax_ben_F_15001.jpeg,332.054
pax_ben_F_15001.jpeg,276.065
pax_ben_F_15001.jpeg,384.333
pax_ben_F_15001.jpeg,384.422
pax_ben_F_15001.jpeg,304.657
pax_ben_F_15001.jpeg,358.05
pax_ben_M_1001.jpeg,70.257
pax_ben_M_1001.jpeg,76.942
pax_ben_M_1001.jpeg,102
pax_ben_M_1001.jpeg,424.57
pax_ben_M_1001.jpeg,342.987
pax_ben_M_1001.jpeg,437.484
pax_ben_M_1001.jpeg,456.53
pax_ben_M_1001.jpeg,338.373
pax_ben_M_1001.jpeg,385.004
pax_ben_M_15001.jpeg,78.102
pax_ben_M_15001.jpeg,58.034
pax_ben_M_15001.jpeg,92.542
pax_ben_M_15001.jpeg,382.131
pax_ben_M_15001.jpeg,334.598
pax_ben_M_15001.jpeg,410.005
pax_ben_M_15001.jpeg,410
pax_ben_M_15001.jpeg,296.027
pax_ben_M_15001.jpeg,384.005
pax_ben_M_2001.jpeg,66.03
pax_ben_M_2001.jpeg,58
pax_ben_M_2001.jpeg,110.073
pax_ben_M_2001.jpeg,420
pax_ben_M_2001.jpeg,302.06
pax_ben_M_2001.jpeg,420.386
pax_ben_M_2001.jpeg,424.075
pax_ben_M_2001.jpeg,328.152
pax_ben_M_2001.jpeg,380.084
pax_ben_M_3001.jpeg,68.118
pax_ben_M_3001.jpeg,55.785
pax_ben_M_3001.jpeg,84.404
pax_ben_M_3001.jpeg,400.52
pax_ben_M_3001.jpeg,319.312
pax_ben_M_3001.jpeg,425.417
pax_ben_M_3001.jpeg,460.161
pax_ben_M_3001.jpeg,344.935
pax_ben_M_3001.jpeg,367.527
pax_ben_M_4001.jpeg,70.029
pax_ben_M_4001.jpeg,56.143
pax_ben_M_4001.jpeg,108.462
pax_ben_M_4001.jpeg,376.898
pax_ben_M_4001.jpeg,306.105
pax_ben_M_4001.jpeg,442.764
pax_ben_M_4001.jpeg,459.743
pax_ben_M_4001.jpeg,292.11
pax_ben_M_4001.jpeg,346
pax_ben_M_5001.jpeg,70.114
pax_ben_M_5001.jpeg,78.102
pax_ben_M_5001.jpeg,106.301
pax_ben_M_5001.jpeg,380.526
pax_ben_M_5001.jpeg,318.025
pax_ben_M_5001.jpeg,430.465
pax_ben_M_5001.jpeg,422.474
pax_ben_M_5001.jpeg,350.291
pax_ben_M_5001.jpeg,317.068
pax_lim_F_10001.jpeg,74.108
pax_lim_F_10001.jpeg,58.138
pax_lim_F_10001.jpeg,67.082
pax_lim_F_10001.jpeg,342.584
pax_lim_F_10001.jpeg,236.516
pax_lim_F_10001.jpeg,327.982
pax_lim_F_10001.jpeg,358.709
pax_lim_F_10001.jpeg,273.876
pax_lim_F_10001.jpeg,284.703
pax_lim_F_1001.jpeg,90
pax_lim_F_1001.jpeg,83.187
pax_lim_F_1001.jpeg,104.862
pax_lim_F_1001.jpeg,358.603
pax_lim_F_1001.jpeg,248.805
pax_lim_F_1001.jpeg,397.899
pax_lim_F_1001.jpeg,430.711
pax_lim_F_1001.jpeg,311.91
pax_lim_F_1001.jpeg,336.149
pax_lim_F_2001.jpeg,88.091
pax_lim_F_2001.jpeg,80
pax_lim_F_2001.jpeg,116.276
pax_lim_F_2001.jpeg,438.224
pax_lim_F_2001.jpeg,286.175
pax_lim_F_2001.jpeg,456.11
pax_lim_F_2001.jpeg,446.363
pax_lim_F_2001.jpeg,407.421
pax_lim_F_2001.jpeg,162.997
pax_lim_F_3001.jpeg,92
pax_lim_F_3001.jpeg,108.296
pax_lim_F_3001.jpeg,93.059
pax_lim_F_3001.jpeg,413.304
pax_lim_F_3001.jpeg,273.386
pax_lim_F_3001.jpeg,463.318
pax_lim_F_3001.jpeg,435.725
pax_lim_F_3001.jpeg,355.37
pax_lim_F_3001.jpeg,399.81
pax_lim_F_5002.jpeg,98.082
pax_lim_F_5002.jpeg,4
pax_lim_F_5002.jpeg,4
pax_lim_F_5002.jpeg,283.535
pax_lim_F_5002.jpeg,200.898
pax_lim_F_5002.jpeg,395.707
pax_lim_F_5002.jpeg,382.685
pax_lim_F_5002.jpeg,350.828
pax_lim_F_5002.jpeg,326.931
pax_lim_F_6001.jpeg,74.027
pax_lim_F_6001.jpeg,50.596
pax_lim_F_6001.jpeg,77.201
pax_lim_F_6001.jpeg,353.638
pax_lim_F_6001.jpeg,209.39
pax_lim_F_6001.jpeg,381.077
pax_lim_F_6001.jpeg,345.774
pax_lim_F_6001.jpeg,250.32
pax_lim_F_6001.jpeg,332.674
pax_lim_F_7001.jpeg,70.114
pax_lim_F_7001.jpeg,51.923
pax_lim_F_7001.jpeg,71.47
pax_lim_F_7001.jpeg,386.626
pax_lim_F_7001.jpeg,234.887
pax_lim_F_7001.jpeg,338.142
pax_lim_F_7001.jpeg,367.042
pax_lim_F_7001.jpeg,245.601
pax_lim_F_7001.jpeg,305.483
pax_lim_F_9001.jpeg,74.108
pax_lim_F_9001.jpeg,60.033
pax_lim_F_9001.jpeg,88.091
pax_lim_F_9001.jpeg,392.046
pax_lim_F_9001.jpeg,279.836
pax_lim_F_9001.jpeg,388.515
pax_lim_F_9001.jpeg,376.94
pax_lim_F_9001.jpeg,293.339
pax_lim_F_9001.jpeg,320.861
pax_lim_M_10001.jpeg,74
pax_lim_M_10001.jpeg,56.569
pax_lim_M_10001.jpeg,95.037
pax_lim_M_10001.jpeg,368.782
pax_lim_M_10001.jpeg,248.676
pax_lim_M_10001.jpeg,351.847
pax_lim_M_10001.jpeg,358.357
pax_lim_M_10001.jpeg,324.475
pax_lim_M_10001.jpeg,361.021
pax_lim_M_1001.jpeg,68
pax_lim_M_1001.jpeg,70
pax_lim_M_1001.jpeg,88.566
pax_lim_M_1001.jpeg,338.479
pax_lim_M_1001.jpeg,237.217
pax_lim_M_1001.jpeg,376
pax_lim_M_1001.jpeg,358.558
pax_lim_M_1001.jpeg,278.582
pax_lim_M_1001.jpeg,335.172
pax_lim_M_2001.jpeg,72.028
pax_lim_M_2001.jpeg,75.313
pax_lim_M_2001.jpeg,114.978
pax_lim_M_2001.jpeg,327.536
pax_lim_M_2001.jpeg,339.134
pax_lim_M_2001.jpeg,448.879
pax_lim_M_2001.jpeg,441.461
pax_lim_M_2001.jpeg,302.926
pax_lim_M_2001.jpeg,369.778
pax_lim_M_3001.jpeg,68.118
pax_lim_M_3001.jpeg,94.53
pax_lim_M_3001.jpeg,74.673
pax_lim_M_3001.jpeg,328.445
pax_lim_M_3001.jpeg,226.009
pax_lim_M_3001.jpeg,359.427
pax_lim_M_3001.jpeg,350.822
pax_lim_M_3001.jpeg,254.503
pax_lim_M_3001.jpeg,314.516
pax_lim_M_4001.jpeg,68.029
pax_lim_M_4001.jpeg,70.456
pax_lim_M_4001.jpeg,96.104
pax_lim_M_4001.jpeg,397.819
pax_lim_M_4001.jpeg,303.117
pax_lim_M_4001.jpeg,413.401
pax_lim_M_4001.jpeg,386.378
pax_lim_M_4001.jpeg,296.816
pax_lim_M_4001.jpeg,315.017
pax_lim_M_5001.jpeg,66.121
pax_lim_M_5001.jpeg,76.236
pax_lim_M_5001.jpeg,88.363
pax_lim_M_5001.jpeg,377.195
pax_lim_M_5001.jpeg,280.179
pax_lim_M_5001.jpeg,375.201
pax_lim_M_5001.jpeg,380.089
pax_lim_M_5001.jpeg,311.088
pax_lim_M_5001.jpeg,340.852
pax_lim_M_6001.jpeg,72
pax_lim_M_6001.jpeg,76
pax_lim_M_6001.jpeg,90.2
pax_lim_M_6001.jpeg,398.005
pax_lim_M_6001.jpeg,276.261
pax_lim_M_6001.jpeg,380.047
pax_lim_M_6001.jpeg,408.02
pax_lim_M_6001.jpeg,314.159
pax_lim_M_6001.jpeg,362.271
pax_lim_M_7001.jpeg,76.026
pax_lim_M_7001.jpeg,5.657
pax_lim_M_7001.jpeg,5.657
pax_lim_M_7001.jpeg,444.018
pax_lim_M_7001.jpeg,310.006
pax_lim_M_7001.jpeg,414.077
pax_lim_M_7001.jpeg,432.116
pax_lim_M_7001.jpeg,348.465
pax_lim_M_7001.jpeg,428.229
pax_lim_M_8001.jpeg,68.029
pax_lim_M_8001.jpeg,71.694
pax_lim_M_8001.jpeg,101.134
pax_lim_M_8001.jpeg,425.441
pax_lim_M_8001.jpeg,289.088
pax_lim_M_8001.jpeg,408.495
pax_lim_M_8001.jpeg,453.228
pax_lim_M_8001.jpeg,264.764
pax_lim_M_8001.jpeg,364.779
pax_lim_M_9001.jpeg,74.027
pax_lim_M_9001.jpeg,54.148
pax_lim_M_9001.jpeg,88.814
pax_lim_M_9001.jpeg,362.668
pax_lim_M_9001.jpeg,276.261
pax_lim_M_9001.jpeg,424.57
pax_lim_M_9001.jpeg,429.195
pax_lim_M_9001.jpeg,291.349
pax_lim_M_9001.jpeg,362.022